id	url	author	date	size
1	http://mirea.org/files/file/1	const	"
							
							06 май 2005 23:15
						"	"
							
							309,98К
						"
2	http://mirea.org/files/file/2	SmirnovG	"
							
							08 май 2005 00:39
						"	"
							
							1,21МБ
						"
5	http://mirea.org/files/file/5	Mihey	"
							
							18 май 2005 16:00
						"	"
							
							1,11МБ
						"
6	http://mirea.org/files/file/6	Remond	"
							
							21 май 2005 13:24
						"	"
							
							2,25МБ
						"
7	http://mirea.org/files/file/7	Remond	"
							
							21 май 2005 13:32
						"	"
							
							1,02МБ
						"
8	http://mirea.org/files/file/8	Maks	"
							
							22 май 2005 20:02
						"	"
							
							404,12К
						"
9	http://mirea.org/files/file/9	Pauntin	"
							
							24 май 2005 16:03
						"	"
							
							42,91К
						"
10	http://mirea.org/files/file/10	Pauntin	"
							
							25 май 2005 21:52
						"	"
							
							9,73К
						"
11	http://mirea.org/files/file/11	Kardox	"
							
							27 май 2005 20:35
						"	"
							
							3,75К
						"
12	http://mirea.org/files/file/12	sybex	"
							
							28 май 2005 14:54
						"	"
							
							695,02К
						"
13	http://mirea.org/files/file/13	Matery_Lamer	"
							
							31 май 2005 22:49
						"	"
							
							643,99К
						"
14	http://mirea.org/files/file/14	SchuleR	"
							
							02 июн 2005 16:12
						"	"
							
							58,46К
						"
15	http://mirea.org/files/file/15		"
							
							03 июн 2005 14:36
						"	"
							
							82,03К
						"
20	http://mirea.org/files/file/20	Mihey	"
							
							08 июн 2005 22:55
						"	"
							
							691,26К
						"
21	http://mirea.org/files/file/21	maks.com	"
							
							09 июн 2005 12:31
						"	"
							
							2,08МБ
						"
22	http://mirea.org/files/file/22	АлЈнка	"
							
							13 июн 2005 00:54
						"	"
							
							596,68К
						"
24	http://mirea.org/files/file/24	MARcoDEN	"
							
							20 июн 2005 12:55
						"	"
							
							44,78К
						"
25	http://mirea.org/files/file/25	MARcoDEN	"
							
							20 июн 2005 14:16
						"	"
							
							71,96К
						"
26	http://mirea.org/files/file/26	MARcoDEN	"
							
							20 июн 2005 14:23
						"	"
							
							843,57К
						"
27	http://mirea.org/files/file/27	Neo	"
							
							20 июн 2005 14:45
						"	"
							
							16,9К
						"
28	http://mirea.org/files/file/28	Tallo	"
							
							30 июн 2005 23:25
						"	"
							
							422,4К
						"
29	http://mirea.org/files/file/29	MarONet	"
							
							01 июл 2005 17:56
						"	"
							
							30,44К
						"
30	http://mirea.org/files/file/30	Tallo	"
							
							02 июл 2005 19:19
						"	"
							
							19,19К
						"
31	http://mirea.org/files/file/31	SmirnovG	"
							
							02 авг 2005 03:40
						"	"
							
							381,06К
						"
32	http://mirea.org/files/file/32	SmirnovG	"
							
							03 авг 2005 21:33
						"	"
							
							30,18К
						"
33	http://mirea.org/files/file/33	SmirnovG	"
							
							03 авг 2005 22:07
						"	"
							
							25,09К
						"
34	http://mirea.org/files/file/34	SmirnovG	"
							
							03 авг 2005 22:14
						"	"
							
							26,35К
						"
36	http://mirea.org/files/file/36	+	"
							
							11 окт 2004 00:30
						"	"
							
							60,95К
						"
37	http://mirea.org/files/file/37	+	"
							
							11 окт 2004 00:31
						"	"
							
							3,13К
						"
38	http://mirea.org/files/file/38	+	"
							
							11 окт 2004 00:32
						"	"
							
							3,95К
						"
39	http://mirea.org/files/file/39	+	"
							
							11 окт 2004 00:34
						"	"
							
							60,3К
						"
40	http://mirea.org/files/file/40	+	"
							
							11 окт 2004 00:35
						"	"
							
							5,92К
						"
41	http://mirea.org/files/file/41	+	"
							
							11 окт 2004 00:37
						"	"
							
							192,57К
						"
42	http://mirea.org/files/file/42	+	"
							
							11 окт 2004 00:38
						"	"
							
							88,65К
						"
43	http://mirea.org/files/file/43	+	"
							
							11 окт 2004 00:40
						"	"
							
							264,01К
						"
44	http://mirea.org/files/file/44	+	"
							
							11 окт 2004 00:42
						"	"
							
							204,41К
						"
45	http://mirea.org/files/file/45	+	"
							
							11 окт 2004 00:43
						"	"
							
							386,58К
						"
46	http://mirea.org/files/file/46	+	"
							
							11 окт 2004 00:44
						"	"
							
							196,71К
						"
47	http://mirea.org/files/file/47	+	"
							
							11 окт 2004 00:45
						"	"
							
							91,89К
						"
48	http://mirea.org/files/file/48	+	"
							
							11 окт 2004 00:45
						"	"
							
							171,66К
						"
49	http://mirea.org/files/file/49	+	"
							
							11 окт 2004 23:48
						"	"
							
							140,59К
						"
50	http://mirea.org/files/file/50	+	"
							
							11 окт 2004 23:50
						"	"
							
							150,83К
						"
51	http://mirea.org/files/file/51	+	"
							
							11 окт 2004 23:51
						"	"
							
							25,11К
						"
52	http://mirea.org/files/file/52	+	"
							
							11 окт 2004 23:53
						"	"
							
							37,99К
						"
53	http://mirea.org/files/file/53	+	"
							
							11 окт 2004 23:54
						"	"
							
							367,18К
						"
54	http://mirea.org/files/file/54	+	"
							
							11 окт 2004 23:56
						"	"
							
							278,82К
						"
55	http://mirea.org/files/file/55	+	"
							
							12 окт 2004 00:00
						"	"
							
							32,26К
						"
56	http://mirea.org/files/file/56	+	"
							
							12 окт 2004 00:01
						"	"
							
							296,65К
						"
57	http://mirea.org/files/file/57	Meffex	"
							
							20 окт 2004 16:51
						"	"
							
							20,67К
						"
58	http://mirea.org/files/file/58		"
							
							22 дек 2004 16:43
						"	"
							
							246,46К
						"
61	http://mirea.org/files/file/61	Meffex	"
							
							20 окт 2004 16:32
						"	"
							
							23,23К
						"
62	http://mirea.org/files/file/62	const	"
							
							24 окт 2004 16:14
						"	"
							
							1,45МБ
						"
63	http://mirea.org/files/file/63	const	"
							
							24 окт 2004 16:18
						"	"
							
							3,91МБ
						"
65	http://mirea.org/files/file/65	const	"
							
							24 окт 2004 16:22
						"	"
							
							8,46К
						"
67	http://mirea.org/files/file/67	Matery_Lamer	"
							
							20 окт 2004 21:35
						"	"
							
							3,96МБ
						"
68	http://mirea.org/files/file/68	Matery_Lamer	"
							
							26 дек 2004 14:19
						"	"
							
							47,52К
						"
74	http://mirea.org/files/file/74	O	"
							
							04 окт 2004 02:43
						"	"
							
							1,93МБ
						"
75	http://mirea.org/files/file/75	Remond	"
							
							04 окт 2004 01:19
						"	"
							
							3,54МБ
						"
76	http://mirea.org/files/file/76	NaPalm	"
							
							13 янв 2005 20:53
						"	"
							
							3,89МБ
						"
81	http://mirea.org/files/file/81	Remond	"
							
							02 фев 2005 15:31
						"	"
							
							3,14МБ
						"
82	http://mirea.org/files/file/82	Remond	"
							
							02 фев 2005 15:36
						"	"
							
							3,2МБ
						"
83	http://mirea.org/files/file/83	Remond	"
							
							02 фев 2005 15:40
						"	"
							
							2,84МБ
						"
84	http://mirea.org/files/file/84	Remond	"
							
							11 фев 2005 14:27
						"	"
							
							3,02МБ
						"
90	http://mirea.org/files/file/90	+	"
							
							10 окт 2004 23:15
						"	"
							
							173,82К
						"
91	http://mirea.org/files/file/91	+	"
							
							10 окт 2004 23:17
						"	"
							
							672,5К
						"
92	http://mirea.org/files/file/92	+	"
							
							10 окт 2004 23:22
						"	"
							
							39,15К
						"
93	http://mirea.org/files/file/93	+	"
							
							10 окт 2004 23:23
						"	"
							
							69,28К
						"
94	http://mirea.org/files/file/94	BOrlanD	"
							
							25 дек 2004 22:19
						"	"
							
							6,98К
						"
95	http://mirea.org/files/file/95	BOrlanD	"
							
							25 дек 2004 22:25
						"	"
							
							81,88К
						"
96	http://mirea.org/files/file/96	NICk vs ...	"
							
							09 дек 2004 10:33
						"	"
							
							138,2К
						"
97	http://mirea.org/files/file/97		"
							
							14 янв 2005 19:51
						"	"
							
							17,11К
						"
98	http://mirea.org/files/file/98		"
							
							25 дек 2004 01:16
						"	"
							
							3,73К
						"
99	http://mirea.org/files/file/99		"
							
							25 дек 2004 01:23
						"	"
							
							445,52К
						"
100	http://mirea.org/files/file/100		"
							
							25 дек 2004 20:03
						"	"
							
							946,85К
						"
101	http://mirea.org/files/file/101		"
							
							25 дек 2004 20:11
						"	"
							
							1,06МБ
						"
102	http://mirea.org/files/file/102	slYbYte	"
							
							21 мар 2005 00:13
						"	"
							
							72,19К
						"
103	http://mirea.org/files/file/103	O	"
							
							28 дек 2004 00:52
						"	"
							
							644,02К
						"
104	http://mirea.org/files/file/104		"
							
							09 апр 2005 09:05
						"	"
							
							24,39К
						"
106	http://mirea.org/files/file/106	O	"
							
							21 окт 2004 19:38
						"	"
							
							3,65К
						"
107	http://mirea.org/files/file/107	O	"
							
							21 окт 2004 19:53
						"	"
							
							398,39К
						"
108	http://mirea.org/files/file/108	Михей	"
							
							05 ноя 2004 01:16
						"	"
							
							303,12К
						"
109	http://mirea.org/files/file/109	Михей	"
							
							07 ноя 2004 01:20
						"	"
							
							1,5МБ
						"
110	http://mirea.org/files/file/110	Lan	"
							
							10 дек 2004 17:07
						"	"
							
							1,97МБ
						"
113	http://mirea.org/files/file/113	nestling	"
							
							18 янв 2005 14:58
						"	"
							
							57,89К
						"
114	http://mirea.org/files/file/114	nestling	"
							
							18 янв 2005 14:59
						"	"
							
							57,89К
						"
115	http://mirea.org/files/file/115	nestling	"
							
							18 янв 2005 15:01
						"	"
							
							57,89К
						"
117	http://mirea.org/files/file/117	Lan	"
							
							10 дек 2004 17:12
						"	"
							
							3,4МБ
						"
118	http://mirea.org/files/file/118	Meffex	"
							
							20 окт 2004 16:35
						"	"
							
							11,56К
						"
122	http://mirea.org/files/file/122		"
							
							20 мар 2005 20:32
						"	"
							
							40,2К
						"
123	http://mirea.org/files/file/123	Угарный хлопец	"
							
							01 фев 2005 13:32
						"	"
							
							183,91К
						"
124	http://mirea.org/files/file/124	Meffex	"
							
							20 окт 2004 16:37
						"	"
							
							25,39К
						"
125	http://mirea.org/files/file/125	Meffex	"
							
							20 окт 2004 16:38
						"	"
							
							75,43К
						"
126	http://mirea.org/files/file/126	const	"
							
							23 дек 2004 09:21
						"	"
							
							33,19К
						"
130	http://mirea.org/files/file/130		"
							
							29 ноя 2004 18:39
						"	"
							
							3,55МБ
						"
132	http://mirea.org/files/file/132		"
							
							02 дек 2004 14:02
						"	"
							
							64,55К
						"
133	http://mirea.org/files/file/133	NaPalm	"
							
							20 дек 2004 18:15
						"	"
							
							13,99К
						"
134	http://mirea.org/files/file/134	NaPalm	"
							
							20 дек 2004 18:16
						"	"
							
							15,58К
						"
135	http://mirea.org/files/file/135	NaPalm	"
							
							20 дек 2004 18:17
						"	"
							
							17,42К
						"
136	http://mirea.org/files/file/136	NaPalm	"
							
							22 дек 2004 15:21
						"	"
							
							79,61К
						"
137	http://mirea.org/files/file/137	Zhenekolog	"
							
							22 окт 2004 04:29
						"	"
							
							6,19К
						"
138	http://mirea.org/files/file/138		"
							
							02 дек 2004 13:32
						"	"
							
							2,08МБ
						"
139	http://mirea.org/files/file/139		"
							
							02 дек 2004 13:44
						"	"
							
							1,38МБ
						"
141	http://mirea.org/files/file/141	Михей	"
							
							24 окт 2004 14:16
						"	"
							
							16,96К
						"
142	http://mirea.org/files/file/142	Meffex	"
							
							20 окт 2004 16:41
						"	"
							
							15,05К
						"
143	http://mirea.org/files/file/143	Meffex	"
							
							20 окт 2004 16:42
						"	"
							
							3,72К
						"
144	http://mirea.org/files/file/144	+	"
							
							10 окт 2004 23:50
						"	"
							
							150,27К
						"
145	http://mirea.org/files/file/145	+	"
							
							10 окт 2004 23:51
						"	"
							
							31,63К
						"
146	http://mirea.org/files/file/146	+	"
							
							10 окт 2004 23:53
						"	"
							
							101,82К
						"
147	http://mirea.org/files/file/147	+	"
							
							10 окт 2004 23:54
						"	"
							
							85,64К
						"
148	http://mirea.org/files/file/148	+	"
							
							10 окт 2004 23:55
						"	"
							
							58,88К
						"
149	http://mirea.org/files/file/149	+	"
							
							10 окт 2004 23:56
						"	"
							
							103,96К
						"
150	http://mirea.org/files/file/150	+	"
							
							10 окт 2004 23:57
						"	"
							
							186,28К
						"
151	http://mirea.org/files/file/151	+	"
							
							10 окт 2004 23:58
						"	"
							
							201,66К
						"
152	http://mirea.org/files/file/152	+	"
							
							10 окт 2004 23:59
						"	"
							
							107,46К
						"
153	http://mirea.org/files/file/153	+	"
							
							10 окт 2004 23:59
						"	"
							
							31,29К
						"
154	http://mirea.org/files/file/154	+	"
							
							11 окт 2004 00:00
						"	"
							
							68,65К
						"
155	http://mirea.org/files/file/155	+	"
							
							11 окт 2004 00:02
						"	"
							
							92,22К
						"
156	http://mirea.org/files/file/156	+	"
							
							11 окт 2004 00:02
						"	"
							
							24,6К
						"
157	http://mirea.org/files/file/157	+	"
							
							11 окт 2004 00:03
						"	"
							
							24,42К
						"
158	http://mirea.org/files/file/158	+	"
							
							11 окт 2004 00:04
						"	"
							
							221,01К
						"
159	http://mirea.org/files/file/159	+	"
							
							11 окт 2004 00:04
						"	"
							
							71,59К
						"
160	http://mirea.org/files/file/160	+	"
							
							11 окт 2004 00:05
						"	"
							
							223,75К
						"
161	http://mirea.org/files/file/161	+	"
							
							11 окт 2004 00:05
						"	"
							
							2,5К
						"
162	http://mirea.org/files/file/162	+	"
							
							11 окт 2004 00:06
						"	"
							
							218,74К
						"
163	http://mirea.org/files/file/163	+	"
							
							11 окт 2004 00:07
						"	"
							
							102,95К
						"
164	http://mirea.org/files/file/164	+	"
							
							11 окт 2004 00:10
						"	"
							
							354,9К
						"
165	http://mirea.org/files/file/165	+	"
							
							11 окт 2004 00:10
						"	"
							
							94,15К
						"
166	http://mirea.org/files/file/166	+	"
							
							11 окт 2004 00:11
						"	"
							
							17,08К
						"
167	http://mirea.org/files/file/167	+	"
							
							11 окт 2004 00:12
						"	"
							
							130,05К
						"
168	http://mirea.org/files/file/168	Matery_Lamer	"
							
							18 окт 2004 20:27
						"	"
							
							288,28К
						"
169	http://mirea.org/files/file/169	Matery_Lamer	"
							
							18 окт 2004 20:37
						"	"
							
							237,04К
						"
170	http://mirea.org/files/file/170	Matery_Lamer	"
							
							20 окт 2004 21:46
						"	"
							
							4,98МБ
						"
171	http://mirea.org/files/file/171	Matery_Lamer	"
							
							20 окт 2004 21:53
						"	"
							
							3,81МБ
						"
172	http://mirea.org/files/file/172	MadSerg	"
							
							18 янв 2005 13:28
						"	"
							
							115,98К
						"
173	http://mirea.org/files/file/173	Zhenekolog	"
							
							22 окт 2004 03:45
						"	"
							
							36К
						"
174	http://mirea.org/files/file/174	Михей	"
							
							15 ноя 2004 02:19
						"	"
							
							78,63К
						"
175	http://mirea.org/files/file/175	O	"
							
							04 окт 2004 02:55
						"	"
							
							2,27МБ
						"
186	http://mirea.org/files/file/186	Amadest	"
							
							29 дек 2004 23:06
						"	"
							
							855,9К
						"
187	http://mirea.org/files/file/187	Matery_Lamer	"
							
							20 окт 2004 21:02
						"	"
							
							240,65К
						"
188	http://mirea.org/files/file/188	Matery_Lamer	"
							
							20 окт 2004 21:14
						"	"
							
							317,33К
						"
189	http://mirea.org/files/file/189	Snowbird	"
							
							23 дек 2004 23:58
						"	"
							
							124,18К
						"
192	http://mirea.org/files/file/192		"
							
							01 дек 2004 11:57
						"	"
							
							540,96К
						"
197	http://mirea.org/files/file/197		"
							
							20 мар 2005 20:28
						"	"
							
							72,59К
						"
198	http://mirea.org/files/file/198	Addestone	"
							
							22 ноя 2004 11:34
						"	"
							
							1,23МБ
						"
199	http://mirea.org/files/file/199	Addestone	"
							
							22 ноя 2004 11:45
						"	"
							
							272,88К
						"
200	http://mirea.org/files/file/200	Addestone	"
							
							22 ноя 2004 11:47
						"	"
							
							328,87К
						"
201	http://mirea.org/files/file/201	Addestone	"
							
							22 ноя 2004 11:53
						"	"
							
							61,38К
						"
202	http://mirea.org/files/file/202	Addestone	"
							
							22 ноя 2004 11:57
						"	"
							
							60,56К
						"
203	http://mirea.org/files/file/203	Addestone	"
							
							22 ноя 2004 12:02
						"	"
							
							37,01К
						"
204	http://mirea.org/files/file/204	Addestone	"
							
							22 ноя 2004 12:04
						"	"
							
							88,48К
						"
205	http://mirea.org/files/file/205	Addestone	"
							
							22 ноя 2004 12:05
						"	"
							
							91,97К
						"
206	http://mirea.org/files/file/206	Addestone	"
							
							22 ноя 2004 12:07
						"	"
							
							591,7К
						"
207	http://mirea.org/files/file/207	Addestone	"
							
							22 ноя 2004 12:08
						"	"
							
							242,27К
						"
208	http://mirea.org/files/file/208	Addestone	"
							
							22 ноя 2004 12:11
						"	"
							
							1,13МБ
						"
209	http://mirea.org/files/file/209	Addestone	"
							
							22 ноя 2004 12:12
						"	"
							
							929,79К
						"
210	http://mirea.org/files/file/210	Addestone	"
							
							22 ноя 2004 12:15
						"	"
							
							536,66К
						"
211	http://mirea.org/files/file/211	Addestone	"
							
							22 ноя 2004 12:16
						"	"
							
							523,89К
						"
212	http://mirea.org/files/file/212	Addestone	"
							
							03 дек 2004 12:16
						"	"
							
							337,29К
						"
213	http://mirea.org/files/file/213	Addestone	"
							
							10 дек 2004 11:37
						"	"
							
							688,33К
						"
214	http://mirea.org/files/file/214	Addestone	"
							
							29 дек 2004 19:25
						"	"
							
							464,12К
						"
215	http://mirea.org/files/file/215	Addestone	"
							
							05 мар 2005 11:48
						"	"
							
							3,52МБ
						"
216	http://mirea.org/files/file/216	dr. MUN	"
							
							17 дек 2004 21:39
						"	"
							
							1,35МБ
						"
217	http://mirea.org/files/file/217	NICk vs ...	"
							
							29 дек 2004 23:02
						"	"
							
							3,32К
						"
219	http://mirea.org/files/file/219	schooft	"
							
							25 апр 2005 19:39
						"	"
							
							698,84К
						"
220	http://mirea.org/files/file/220	schooft	"
							
							25 апр 2005 19:44
						"	"
							
							3,47МБ
						"
221	http://mirea.org/files/file/221	schooft	"
							
							25 апр 2005 19:45
						"	"
							
							2,94МБ
						"
222	http://mirea.org/files/file/222	schooft	"
							
							25 апр 2005 19:46
						"	"
							
							361,46К
						"
223	http://mirea.org/files/file/223	schooft	"
							
							25 апр 2005 19:47
						"	"
							
							4,46МБ
						"
224	http://mirea.org/files/file/224	schooft	"
							
							25 апр 2005 19:51
						"	"
							
							690,23К
						"
225	http://mirea.org/files/file/225	schooft	"
							
							25 апр 2005 19:52
						"	"
							
							1,71МБ
						"
226	http://mirea.org/files/file/226	schooft	"
							
							25 апр 2005 19:53
						"	"
							
							980,2К
						"
227	http://mirea.org/files/file/227	schooft	"
							
							25 апр 2005 20:00
						"	"
							
							170,55К
						"
228	http://mirea.org/files/file/228	schooft	"
							
							25 апр 2005 20:02
						"	"
							
							183,18К
						"
229	http://mirea.org/files/file/229	const	"
							
							24 окт 2004 13:40
						"	"
							
							1,13МБ
						"
231	http://mirea.org/files/file/231	const	"
							
							04 дек 2004 19:54
						"	"
							
							116,9К
						"
232	http://mirea.org/files/file/232	const	"
							
							04 дек 2004 19:54
						"	"
							
							93,12К
						"
233	http://mirea.org/files/file/233	const	"
							
							04 дек 2004 19:54
						"	"
							
							22,11К
						"
234	http://mirea.org/files/file/234	const	"
							
							04 дек 2004 19:57
						"	"
							
							4,7К
						"
235	http://mirea.org/files/file/235		"
							
							18 апр 2005 01:16
						"	"
							
							412,96К
						"
236	http://mirea.org/files/file/236		"
							
							18 апр 2005 01:19
						"	"
							
							1,18МБ
						"
237	http://mirea.org/files/file/237	Meffex	"
							
							20 окт 2004 16:30
						"	"
							
							25,42К
						"
238	http://mirea.org/files/file/238	Meffex	"
							
							20 окт 2004 16:44
						"	"
							
							95,91К
						"
239	http://mirea.org/files/file/239	Meffex	"
							
							20 окт 2004 16:45
						"	"
							
							26,82К
						"
240	http://mirea.org/files/file/240	Meffex	"
							
							20 окт 2004 16:46
						"	"
							
							48,49К
						"
241	http://mirea.org/files/file/241	Matery_Lamer	"
							
							21 окт 2004 21:00
						"	"
							
							2,8МБ
						"
242	http://mirea.org/files/file/242	const	"
							
							24 окт 2004 15:50
						"	"
							
							10,61К
						"
243	http://mirea.org/files/file/243	O	"
							
							21 окт 2004 20:00
						"	"
							
							229,63К
						"
244	http://mirea.org/files/file/244	Matery_Lamer	"
							
							31 мар 2005 22:28
						"	"
							
							884,63К
						"
245	http://mirea.org/files/file/245	const	"
							
							24 окт 2004 14:07
						"	"
							
							29,21К
						"
246	http://mirea.org/files/file/246	const	"
							
							24 окт 2004 14:10
						"	"
							
							252,42К
						"
247	http://mirea.org/files/file/247	const	"
							
							24 окт 2004 14:12
						"	"
							
							427,72К
						"
249	http://mirea.org/files/file/249	const	"
							
							24 окт 2004 14:19
						"	"
							
							572,83К
						"
250	http://mirea.org/files/file/250	const	"
							
							24 окт 2004 14:24
						"	"
							
							111,47К
						"
251	http://mirea.org/files/file/251	const	"
							
							24 окт 2004 14:25
						"	"
							
							107,29К
						"
252	http://mirea.org/files/file/252	const	"
							
							24 окт 2004 14:32
						"	"
							
							185,01К
						"
253	http://mirea.org/files/file/253	const	"
							
							01 ноя 2004 02:25
						"	"
							
							3,29МБ
						"
254	http://mirea.org/files/file/254	const	"
							
							04 дек 2004 19:43
						"	"
							
							76,97К
						"
255	http://mirea.org/files/file/255	const	"
							
							04 дек 2004 19:43
						"	"
							
							98,41К
						"
257	http://mirea.org/files/file/257	const	"
							
							24 окт 2004 15:21
						"	"
							
							727,84К
						"
258	http://mirea.org/files/file/258	const	"
							
							24 окт 2004 15:24
						"	"
							
							9,37К
						"
259	http://mirea.org/files/file/259	const	"
							
							24 окт 2004 15:16
						"	"
							
							962,52К
						"
260	http://mirea.org/files/file/260	const	"
							
							24 окт 2004 15:18
						"	"
							
							248,28К
						"
262	http://mirea.org/files/file/262	const	"
							
							24 окт 2004 15:30
						"	"
							
							6,41К
						"
263	http://mirea.org/files/file/263	const	"
							
							24 окт 2004 15:42
						"	"
							
							2,17МБ
						"
264	http://mirea.org/files/file/264	const	"
							
							24 окт 2004 16:03
						"	"
							
							1,56МБ
						"
265	http://mirea.org/files/file/265	const	"
							
							04 дек 2004 19:41
						"	"
							
							29,77К
						"
266	http://mirea.org/files/file/266	const	"
							
							04 дек 2004 19:41
						"	"
							
							48,38К
						"
267	http://mirea.org/files/file/267	const	"
							
							04 дек 2004 19:42
						"	"
							
							28,82К
						"
268	http://mirea.org/files/file/268	Matery_Lamer	"
							
							28 янв 2005 18:52
						"	"
							
							605,73К
						"
274	http://mirea.org/files/file/274		"
							
							18 апр 2005 23:06
						"	"
							
							735,53К
						"
277	http://mirea.org/files/file/277	Михей	"
							
							05 ноя 2004 01:13
						"	"
							
							2,05МБ
						"
278	http://mirea.org/files/file/278	Михей	"
							
							10 ноя 2004 16:31
						"	"
							
							24,85К
						"
279	http://mirea.org/files/file/279	Михей	"
							
							10 ноя 2004 16:29
						"	"
							
							881,12К
						"
280	http://mirea.org/files/file/280	Михей	"
							
							26 ноя 2004 00:43
						"	"
							
							75,27К
						"
281	http://mirea.org/files/file/281		"
							
							28 мар 2005 01:34
						"	"
							
							1,33МБ
						"
282	http://mirea.org/files/file/282	const	"
							
							04 дек 2004 19:47
						"	"
							
							50,59К
						"
283	http://mirea.org/files/file/283	const	"
							
							04 дек 2004 19:47
						"	"
							
							12,24К
						"
284	http://mirea.org/files/file/284	const	"
							
							04 дек 2004 19:47
						"	"
							
							18,3К
						"
285	http://mirea.org/files/file/285	const	"
							
							04 дек 2004 19:47
						"	"
							
							22,84К
						"
286	http://mirea.org/files/file/286	const	"
							
							04 дек 2004 19:52
						"	"
							
							240,98К
						"
287	http://mirea.org/files/file/287	const	"
							
							04 дек 2004 19:53
						"	"
							
							130,66К
						"
288	http://mirea.org/files/file/288	Matery_Lamer	"
							
							06 мар 2005 19:12
						"	"
							
							854,79К
						"
289	http://mirea.org/files/file/289	Matery_Lamer	"
							
							18 апр 2005 19:51
						"	"
							
							2,91МБ
						"
290	http://mirea.org/files/file/290	Matery_Lamer	"
							
							18 апр 2005 20:10
						"	"
							
							333,59К
						"
291	http://mirea.org/files/file/291	Matery_Lamer	"
							
							25 апр 2005 20:28
						"	"
							
							357,73К
						"
292	http://mirea.org/files/file/292	const	"
							
							23 дек 2004 09:26
						"	"
							
							32,65К
						"
293	http://mirea.org/files/file/293	const	"
							
							07 авг 2005 23:09
						"	"
							
							502,08К
						"
295	http://mirea.org/files/file/295	Key_S	"
							
							08 авг 2005 00:07
						"	"
							
							7,39К
						"
296	http://mirea.org/files/file/296	Key_S	"
							
							08 авг 2005 00:09
						"	"
							
							162,67К
						"
297	http://mirea.org/files/file/297	Key_S	"
							
							08 авг 2005 00:15
						"	"
							
							92,2К
						"
298	http://mirea.org/files/file/298	Key_S	"
							
							08 авг 2005 00:26
						"	"
							
							149,35К
						"
299	http://mirea.org/files/file/299	Key_S	"
							
							08 авг 2005 00:35
						"	"
							
							60,1К
						"
300	http://mirea.org/files/file/300	Key_S	"
							
							08 авг 2005 00:44
						"	"
							
							418,76К
						"
303	http://mirea.org/files/file/303	Угарный хлопец	"
							
							12 авг 2005 11:03
						"	"
							
							3,72МБ
						"
304	http://mirea.org/files/file/304	Maks	"
							
							03 сен 2005 23:10
						"	"
							
							361,24К
						"
305	http://mirea.org/files/file/305	Kardox	"
							
							19 сен 2005 13:05
						"	"
							
							21,57К
						"
306	http://mirea.org/files/file/306	Silicoid	"
							
							27 сен 2005 02:18
						"	"
							
							47,04К
						"
307	http://mirea.org/files/file/307	Maks	"
							
							28 сен 2005 19:03
						"	"
							
							5,67К
						"
308	http://mirea.org/files/file/308		"
							
							09 окт 2005 14:34
						"	"
							
							559,54К
						"
309	http://mirea.org/files/file/309	Вобла	"
							
							17 окт 2005 18:27
						"	"
							
							4,51МБ
						"
311	http://mirea.org/files/file/311	BSD	"
							
							13 ноя 2005 18:36
						"	"
							
							798,78К
						"
312	http://mirea.org/files/file/312	BSD	"
							
							13 ноя 2005 18:37
						"	"
							
							971,17К
						"
313	http://mirea.org/files/file/313	BSD	"
							
							13 ноя 2005 18:38
						"	"
							
							500,81К
						"
314	http://mirea.org/files/file/314	BSD	"
							
							13 ноя 2005 18:39
						"	"
							
							477,31К
						"
315	http://mirea.org/files/file/315	BSD	"
							
							13 ноя 2005 18:40
						"	"
							
							760,7К
						"
316	http://mirea.org/files/file/316	BSD	"
							
							13 ноя 2005 18:45
						"	"
							
							4,2МБ
						"
317	http://mirea.org/files/file/317	BSD	"
							
							13 ноя 2005 18:45
						"	"
							
							1,92МБ
						"
318	http://mirea.org/files/file/318	Урфин_Джус	"
							
							13 ноя 2005 20:30
						"	"
							
							1,04МБ
						"
319	http://mirea.org/files/file/319	xOr	"
							
							02 дек 2005 20:10
						"	"
							
							68,49К
						"
320	http://mirea.org/files/file/320	O	"
							
							05 дек 2005 03:39
						"	"
							
							140,88К
						"
321	http://mirea.org/files/file/321	antilopka	"
							
							10 дек 2005 01:15
						"	"
							
							3,82МБ
						"
322	http://mirea.org/files/file/322	DyX	"
							
							16 дек 2005 02:25
						"	"
							
							3,61МБ
						"
323	http://mirea.org/files/file/323	Densky	"
							
							30 дек 2005 00:54
						"	"
							
							1,76МБ
						"
325	http://mirea.org/files/file/325	Snowbird	"
							
							03 янв 2006 20:32
						"	"
							
							188К
						"
326	http://mirea.org/files/file/326	le_shka	"
							
							12 янв 2006 18:04
						"	"
							
							46,09К
						"
327	http://mirea.org/files/file/327	Key_S	"
							
							13 янв 2006 14:42
						"	"
							
							156,43К
						"
328	http://mirea.org/files/file/328	Key_S	"
							
							13 янв 2006 14:45
						"	"
							
							105,29К
						"
329	http://mirea.org/files/file/329	le_shka	"
							
							14 янв 2006 22:02
						"	"
							
							2,02МБ
						"
330	http://mirea.org/files/file/330	le_shka	"
							
							14 янв 2006 22:08
						"	"
							
							1,2МБ
						"
332	http://mirea.org/files/file/332	Lan	"
							
							19 янв 2006 00:26
						"	"
							
							3,93МБ
						"
333	http://mirea.org/files/file/333	ermol	"
							
							23 янв 2006 23:50
						"	"
							
							2,78МБ
						"
334	http://mirea.org/files/file/334	maks.com	"
							
							25 янв 2006 18:53
						"	"
							
							991,46К
						"
335	http://mirea.org/files/file/335	slYbYte	"
							
							25 янв 2006 19:29
						"	"
							
							114,32К
						"
336	http://mirea.org/files/file/336	Fragga	"
							
							26 янв 2006 14:41
						"	"
							
							4,09МБ
						"
337	http://mirea.org/files/file/337	Fragga	"
							
							26 янв 2006 14:49
						"	"
							
							5,28МБ
						"
338	http://mirea.org/files/file/338	Pigeon	"
							
							26 янв 2006 22:26
						"	"
							
							3,24МБ
						"
339	http://mirea.org/files/file/339	Lan	"
							
							27 янв 2006 20:22
						"	"
							
							228,12К
						"
340	http://mirea.org/files/file/340	Vizarius	"
							
							30 янв 2006 12:46
						"	"
							
							4,24МБ
						"
341	http://mirea.org/files/file/341	catrin	"
							
							31 янв 2006 11:19
						"	"
							
							11,31К
						"
342	http://mirea.org/files/file/342	Fynjy	"
							
							01 фев 2006 17:30
						"	"
							
							15,84К
						"
343	http://mirea.org/files/file/343	Fynjy	"
							
							01 фев 2006 17:39
						"	"
							
							1,45МБ
						"
344	http://mirea.org/files/file/344	Fynjy	"
							
							01 фев 2006 17:52
						"	"
							
							1,54МБ
						"
345	http://mirea.org/files/file/345	Fynjy	"
							
							01 фев 2006 17:58
						"	"
							
							3,32МБ
						"
346	http://mirea.org/files/file/346	Fynjy	"
							
							01 фев 2006 18:07
						"	"
							
							376,55К
						"
347	http://mirea.org/files/file/347	Fynjy	"
							
							01 фев 2006 18:15
						"	"
							
							108,48К
						"
348	http://mirea.org/files/file/348	Fynjy	"
							
							01 фев 2006 18:20
						"	"
							
							2,49МБ
						"
349	http://mirea.org/files/file/349	Fynjy	"
							
							01 фев 2006 18:26
						"	"
							
							952,18К
						"
350	http://mirea.org/files/file/350	Fynjy	"
							
							01 фев 2006 18:32
						"	"
							
							89,25К
						"
351	http://mirea.org/files/file/351	Fynjy	"
							
							01 фев 2006 18:49
						"	"
							
							412,48К
						"
352	http://mirea.org/files/file/352	Fynjy	"
							
							01 фев 2006 18:52
						"	"
							
							2,17МБ
						"
353	http://mirea.org/files/file/353	Petrovich010	"
							
							02 фев 2006 22:08
						"	"
							
							1,18МБ
						"
354	http://mirea.org/files/file/354	testing	"
							
							03 фев 2006 20:10
						"	"
							
							3,83К
						"
355	http://mirea.org/files/file/355	Amadest	"
							
							15 фев 2006 00:03
						"	"
							
							514,6К
						"
356	http://mirea.org/files/file/356	HAPKO3	"
							
							27 фев 2006 11:49
						"	"
							
							1,84МБ
						"
357	http://mirea.org/files/file/357	HAPKO3	"
							
							27 фев 2006 11:53
						"	"
							
							138,58К
						"
358	http://mirea.org/files/file/358	HAPKO3	"
							
							27 фев 2006 12:06
						"	"
							
							1,41МБ
						"
359	http://mirea.org/files/file/359	HAPKO3	"
							
							27 фев 2006 12:08
						"	"
							
							65,99К
						"
360	http://mirea.org/files/file/360	HAPKO3	"
							
							27 фев 2006 12:09
						"	"
							
							1,34МБ
						"
361	http://mirea.org/files/file/361	HAPKO3	"
							
							27 фев 2006 12:12
						"	"
							
							14,73К
						"
362	http://mirea.org/files/file/362	HAPKO3	"
							
							27 фев 2006 12:13
						"	"
							
							428,15К
						"
363	http://mirea.org/files/file/363	HAPKO3	"
							
							27 фев 2006 12:14
						"	"
							
							403,57К
						"
364	http://mirea.org/files/file/364	HAPKO3	"
							
							27 фев 2006 12:21
						"	"
							
							274,27К
						"
365	http://mirea.org/files/file/365	HAPKO3	"
							
							27 фев 2006 12:23
						"	"
							
							7,75МБ
						"
366	http://mirea.org/files/file/366	HAPKO3	"
							
							27 фев 2006 12:24
						"	"
							
							228,1К
						"
367	http://mirea.org/files/file/367	HAPKO3	"
							
							27 фев 2006 12:38
						"	"
							
							7,15МБ
						"
368	http://mirea.org/files/file/368	HAPKO3	"
							
							27 фев 2006 12:39
						"	"
							
							7,15МБ
						"
369	http://mirea.org/files/file/369	HAPKO3	"
							
							27 фев 2006 12:40
						"	"
							
							1,67МБ
						"
370	http://mirea.org/files/file/370	HAPKO3	"
							
							27 фев 2006 12:45
						"	"
							
							83,91К
						"
371	http://mirea.org/files/file/371	Givi	"
							
							12 мар 2006 01:34
						"	"
							
							139,94К
						"
372	http://mirea.org/files/file/372	kev	"
							
							14 мар 2006 16:33
						"	"
							
							1,1МБ
						"
373	http://mirea.org/files/file/373	Mr. Frodo	"
							
							15 мар 2006 19:39
						"	"
							
							3,72МБ
						"
374	http://mirea.org/files/file/374	Z@ic	"
							
							21 мар 2006 23:29
						"	"
							
							244,61К
						"
375	http://mirea.org/files/file/375	Z@ic	"
							
							21 мар 2006 23:32
						"	"
							
							3,52МБ
						"
376	http://mirea.org/files/file/376	Z@ic	"
							
							21 мар 2006 23:34
						"	"
							
							1,39МБ
						"
378	http://mirea.org/files/file/378	Ljeka	"
							
							01 апр 2006 23:56
						"	"
							
							52,85К
						"
379	http://mirea.org/files/file/379	Ljeka	"
							
							02 апр 2006 17:28
						"	"
							
							20,45К
						"
380	http://mirea.org/files/file/380	Ljeka	"
							
							02 апр 2006 17:39
						"	"
							
							1,22МБ
						"
381	http://mirea.org/files/file/381	Ljeka	"
							
							04 апр 2006 17:01
						"	"
							
							1,12МБ
						"
383	http://mirea.org/files/file/383	kev	"
							
							13 апр 2006 16:28
						"	"
							
							7,47МБ
						"
384	http://mirea.org/files/file/384	Kardox	"
							
							20 апр 2006 09:47
						"	"
							
							78,34К
						"
385	http://mirea.org/files/file/385	testing	"
							
							20 апр 2006 23:17
						"	"
							
							159,18К
						"
386	http://mirea.org/files/file/386	ivan133	"
							
							25 апр 2006 21:52
						"	"
							
							1,28МБ
						"
387	http://mirea.org/files/file/387	ermol	"
							
							30 апр 2006 11:55
						"	"
							
							5,82МБ
						"
388	http://mirea.org/files/file/388	ermol	"
							
							30 апр 2006 20:50
						"	"
							
							3,57МБ
						"
389	http://mirea.org/files/file/389	Sanya Z	"
							
							07 май 2006 13:32
						"	"
							
							4,91МБ
						"
390	http://mirea.org/files/file/390	Sanya Z	"
							
							08 май 2006 14:11
						"	"
							
							4,58МБ
						"
391	http://mirea.org/files/file/391	Vizarius	"
							
							11 май 2006 12:22
						"	"
							
							658,71К
						"
392	http://mirea.org/files/file/392	le_shka	"
							
							17 май 2006 20:50
						"	"
							
							4,2К
						"
393	http://mirea.org/files/file/393	Ljeka	"
							
							19 май 2006 18:31
						"	"
							
							190,85К
						"
394	http://mirea.org/files/file/394	wixo	"
							
							24 май 2006 16:37
						"	"
							
							928,47К
						"
395	http://mirea.org/files/file/395	wixo	"
							
							24 май 2006 16:41
						"	"
							
							1,39МБ
						"
396	http://mirea.org/files/file/396	LRN	"
							
							26 май 2006 02:31
						"	"
							
							157,22К
						"
397	http://mirea.org/files/file/397	Elu	"
							
							31 май 2006 14:23
						"	"
							
							236,32К
						"
398	http://mirea.org/files/file/398	romshteks	"
							
							31 май 2006 16:57
						"	"
							
							277,89К
						"
400	http://mirea.org/files/file/400	le_shka	"
							
							06 июн 2006 16:51
						"	"
							
							506,84К
						"
401	http://mirea.org/files/file/401	le_shka	"
							
							06 июн 2006 21:13
						"	"
							
							120,29К
						"
402	http://mirea.org/files/file/402	T.K.	"
							
							07 июн 2006 13:04
						"	"
							
							35,4К
						"
403	http://mirea.org/files/file/403	Демур	"
							
							07 июн 2006 13:07
						"	"
							
							1,57МБ
						"
404	http://mirea.org/files/file/404	T.K.	"
							
							07 июн 2006 19:57
						"	"
							
							21,99К
						"
405	http://mirea.org/files/file/405	MARcoDEN	"
							
							08 июн 2006 15:13
						"	"
							
							4,95К
						"
407	http://mirea.org/files/file/407	idushiy	"
							
							09 июн 2006 12:24
						"	"
							
							145,04К
						"
408	http://mirea.org/files/file/408	MrFreeMan.DNA	"
							
							09 июн 2006 22:16
						"	"
							
							645,98К
						"
409	http://mirea.org/files/file/409	le_shka	"
							
							10 июн 2006 11:54
						"	"
							
							5,06МБ
						"
410	http://mirea.org/files/file/410	le_shka	"
							
							10 июн 2006 11:59
						"	"
							
							2,05МБ
						"
411	http://mirea.org/files/file/411	aljex	"
							
							12 июн 2006 18:32
						"	"
							
							6,85МБ
						"
412	http://mirea.org/files/file/412	aljex	"
							
							12 июн 2006 18:40
						"	"
							
							7,24МБ
						"
413	http://mirea.org/files/file/413	MARcoDEN	"
							
							13 июн 2006 10:47
						"	"
							
							115,72К
						"
414	http://mirea.org/files/file/414	MARcoDEN	"
							
							13 июн 2006 10:50
						"	"
							
							141,5К
						"
415	http://mirea.org/files/file/415	MARcoDEN	"
							
							13 июн 2006 10:55
						"	"
							
							41,97К
						"
416	http://mirea.org/files/file/416	MARcoDEN	"
							
							13 июн 2006 11:00
						"	"
							
							91,02К
						"
417	http://mirea.org/files/file/417	MARcoDEN	"
							
							13 июн 2006 11:03
						"	"
							
							530,98К
						"
418	http://mirea.org/files/file/418	MARcoDEN	"
							
							13 июн 2006 11:06
						"	"
							
							38,7К
						"
419	http://mirea.org/files/file/419	MARcoDEN	"
							
							13 июн 2006 11:09
						"	"
							
							26,13К
						"
420	http://mirea.org/files/file/420	aljex	"
							
							13 июн 2006 17:11
						"	"
							
							7,5МБ
						"
421	http://mirea.org/files/file/421	Гелла	"
							
							14 июн 2006 20:13
						"	"
							
							528,5К
						"
422	http://mirea.org/files/file/422	le_shka	"
							
							14 июн 2006 21:55
						"	"
							
							922,1К
						"
423	http://mirea.org/files/file/423	Ricoshet	"
							
							15 июн 2006 14:00
						"	"
							
							70,22К
						"
424	http://mirea.org/files/file/424	O	"
							
							15 июн 2006 21:57
						"	"
							
							4,44МБ
						"
425	http://mirea.org/files/file/425	Zhenekolog	"
							
							16 июн 2006 15:02
						"	"
							
							1,72МБ
						"
426	http://mirea.org/files/file/426	Zhenekolog	"
							
							16 июн 2006 15:12
						"	"
							
							34,5К
						"
427	http://mirea.org/files/file/427	Zhenekolog	"
							
							16 июн 2006 15:15
						"	"
							
							818,67К
						"
428	http://mirea.org/files/file/428	Zhenekolog	"
							
							16 июн 2006 15:19
						"	"
							
							398,09К
						"
429	http://mirea.org/files/file/429	Stille	"
							
							17 июн 2006 17:47
						"	"
							
							76,05К
						"
430	http://mirea.org/files/file/430	logistik	"
							
							19 июн 2006 09:52
						"	"
							
							258,15К
						"
431	http://mirea.org/files/file/431	le_shka	"
							
							19 июн 2006 10:06
						"	"
							
							328,09К
						"
432	http://mirea.org/files/file/432	le_shka	"
							
							19 июн 2006 10:08
						"	"
							
							200,4К
						"
433	http://mirea.org/files/file/433	BananaMan	"
							
							20 июн 2006 22:46
						"	"
							
							6,89МБ
						"
434	http://mirea.org/files/file/434	dark	"
							
							21 июн 2006 09:58
						"	"
							
							48,62К
						"
435	http://mirea.org/files/file/435	Keepk1n	"
							
							25 июн 2006 12:46
						"	"
							
							374,06К
						"
436	http://mirea.org/files/file/436	Keepk1n	"
							
							25 июн 2006 12:49
						"	"
							
							1,4МБ
						"
437	http://mirea.org/files/file/437	Keepk1n	"
							
							25 июн 2006 12:50
						"	"
							
							94,98К
						"
438	http://mirea.org/files/file/438	Keepk1n	"
							
							25 июн 2006 18:10
						"	"
							
							457,87К
						"
439	http://mirea.org/files/file/439	Alex_Bar	"
							
							27 июн 2006 18:49
						"	"
							
							1,34МБ
						"
442	http://mirea.org/files/file/442	O	"
							
							27 июн 2006 21:31
						"	"
							
							1,33МБ
						"
443	http://mirea.org/files/file/443	stepler	"
							
							29 июн 2006 13:35
						"	"
							
							154,68К
						"
444	http://mirea.org/files/file/444	le_shka	"
							
							12 июл 2006 13:21
						"	"
							
							304,53К
						"
446	http://mirea.org/files/file/446	Keepk1n	"
							
							04 сен 2006 09:40
						"	"
							
							386,65К
						"
447	http://mirea.org/files/file/447	Keepk1n	"
							
							04 сен 2006 09:42
						"	"
							
							43,82К
						"
448	http://mirea.org/files/file/448	GippeR	"
							
							07 сен 2006 13:26
						"	"
							
							2,08МБ
						"
449	http://mirea.org/files/file/449	testing	"
							
							14 сен 2006 09:33
						"	"
							
							599,9К
						"
450	http://mirea.org/files/file/450	ReVeRSeR	"
							
							26 сен 2006 23:44
						"	"
							
							49,1К
						"
451	http://mirea.org/files/file/451	ReVeRSeR	"
							
							27 сен 2006 01:36
						"	"
							
							320,03К
						"
452	http://mirea.org/files/file/452	le_shka	"
							
							03 окт 2006 22:01
						"	"
							
							124,43К
						"
453	http://mirea.org/files/file/453	Maks	"
							
							10 окт 2006 20:31
						"	"
							
							4,2К
						"
454	http://mirea.org/files/file/454	Maks	"
							
							10 окт 2006 20:39
						"	"
							
							464,58К
						"
455	http://mirea.org/files/file/455	Maks	"
							
							10 окт 2006 20:54
						"	"
							
							1,49МБ
						"
456	http://mirea.org/files/file/456	Matery_Lamer	"
							
							12 окт 2006 14:07
						"	"
							
							865,59К
						"
457	http://mirea.org/files/file/457	Sanya Z	"
							
							13 окт 2006 22:46
						"	"
							
							5,76МБ
						"
458	http://mirea.org/files/file/458	Ха Ха	"
							
							15 окт 2006 02:05
						"	"
							
							3,53МБ
						"
459	http://mirea.org/files/file/459	kazinak	"
							
							05 ноя 2006 17:46
						"	"
							
							1,72МБ
						"
461	http://mirea.org/files/file/461	Onix	"
							
							05 дек 2006 20:59
						"	"
							
							988,35К
						"
463	http://mirea.org/files/file/463	Maks	"
							
							14 дек 2006 15:32
						"	"
							
							276,31К
						"
464	http://mirea.org/files/file/464	nike	"
							
							16 дек 2006 22:32
						"	"
							
							442,42К
						"
465	http://mirea.org/files/file/465	kev	"
							
							17 дек 2006 22:45
						"	"
							
							5,35МБ
						"
466	http://mirea.org/files/file/466	Matery_Lamer	"
							
							18 дек 2006 14:04
						"	"
							
							5,09МБ
						"
467	http://mirea.org/files/file/467	Tornado	"
							
							18 дек 2006 15:09
						"	"
							
							71,2К
						"
468	http://mirea.org/files/file/468	re1ax	"
							
							18 дек 2006 15:21
						"	"
							
							358,39К
						"
469	http://mirea.org/files/file/469	GoldLira	"
							
							19 дек 2006 23:25
						"	"
							
							3,26МБ
						"
470	http://mirea.org/files/file/470	Maks	"
							
							21 дек 2006 12:42
						"	"
							
							496,41К
						"
471	http://mirea.org/files/file/471	GippeR	"
							
							24 дек 2006 19:19
						"	"
							
							559,48К
						"
472	http://mirea.org/files/file/472	GippeR	"
							
							24 дек 2006 19:26
						"	"
							
							1,01МБ
						"
473	http://mirea.org/files/file/473	GippeR	"
							
							24 дек 2006 19:30
						"	"
							
							473,14К
						"
474	http://mirea.org/files/file/474	Огонь	"
							
							24 дек 2006 21:49
						"	"
							
							2,86МБ
						"
475	http://mirea.org/files/file/475	Огонь	"
							
							24 дек 2006 21:52
						"	"
							
							2,86МБ
						"
477	http://mirea.org/files/file/477	Siena	"
							
							03 янв 2007 19:59
						"	"
							
							232,15К
						"
478	http://mirea.org/files/file/478	Siena	"
							
							03 янв 2007 20:04
						"	"
							
							101,86К
						"
479	http://mirea.org/files/file/479	Siena	"
							
							04 янв 2007 16:35
						"	"
							
							255,92К
						"
480	http://mirea.org/files/file/480	Siena	"
							
							04 янв 2007 20:21
						"	"
							
							678,17К
						"
481	http://mirea.org/files/file/481	BananaMan	"
							
							08 янв 2007 15:57
						"	"
							
							5,64МБ
						"
482	http://mirea.org/files/file/482	Staf	"
							
							09 янв 2007 22:51
						"	"
							
							1,57МБ
						"
483	http://mirea.org/files/file/483	Frat	"
							
							10 янв 2007 16:28
						"	"
							
							1,43МБ
						"
484	http://mirea.org/files/file/484	Frat	"
							
							10 янв 2007 17:30
						"	"
							
							1,43МБ
						"
485	http://mirea.org/files/file/485	Tanatos	"
							
							17 янв 2007 13:35
						"	"
							
							644,53К
						"
486	http://mirea.org/files/file/486	Egozavr	"
							
							17 янв 2007 21:58
						"	"
							
							297,69К
						"
487	http://mirea.org/files/file/487	Staf	"
							
							20 янв 2007 00:49
						"	"
							
							50,99К
						"
488	http://mirea.org/files/file/488	Rapida	"
							
							24 янв 2007 00:48
						"	"
							
							368,35К
						"
489	http://mirea.org/files/file/489	Yarik23	"
							
							28 янв 2007 02:26
						"	"
							
							584,27К
						"
490	http://mirea.org/files/file/490	le_shka	"
							
							29 янв 2007 21:49
						"	"
							
							190,54К
						"
492	http://mirea.org/files/file/492	MARcoDEN	"
							
							21 фев 2007 12:44
						"	"
							
							307,7К
						"
493	http://mirea.org/files/file/493	SmirnovG	"
							
							01 мар 2007 00:40
						"	"
							
							67,11К
						"
494	http://mirea.org/files/file/494	Mariachi	"
							
							13 мар 2007 16:08
						"	"
							
							765,71К
						"
495	http://mirea.org/files/file/495	Ёжич	"
							
							26 мар 2007 18:29
						"	"
							
							58,46К
						"
496	http://mirea.org/files/file/496	Ёжич	"
							
							22 апр 2007 03:51
						"	"
							
							67,84К
						"
502	http://mirea.org/files/file/502	Aspenstick	"
							
							12 фев 2009 18:03
						"	"
							
							321,2К
						"
503	http://mirea.org/files/file/503	losiplosip	"
							
							17 фев 2009 03:19
						"	"
							
							2,35МБ
						"
505	http://mirea.org/files/file/505	Core	"
							
							25 фев 2009 14:47
						"	"
							
							1,51МБ
						"
508	http://mirea.org/files/file/508	Corsair_MIREA	"
							
							01 мар 2009 23:48
						"	"
							
							3МБ
						"
510	http://mirea.org/files/file/510	darrek1	"
							
							20 мар 2009 02:10
						"	"
							
							1010,09К
						"
511	http://mirea.org/files/file/511	Lomatel	"
							
							30 май 2009 22:42
						
								
								
															
							
						"	"
							
							11,96К
						"
514	http://mirea.org/files/file/514	vlad797	"
							
							06 июн 2009 12:40
						
								
								
															
							

								"	"
							
							1,39МБ
						"
522	http://mirea.org/files/file/522	vlad797	"
							
							06 июн 2009 17:07
						
								
								
															
							
						"	"
							
							1,39МБ
						"
523	http://mirea.org/files/file/523	vlad797	"
							
							06 июн 2009 17:09
						"	"
							
							1,39МБ
						"
524	http://mirea.org/files/file/524	vlad797	"
							
							06 июн 2009 17:10
						"	"
							
							1,39МБ
						"
527	http://mirea.org/files/file/527	oni	"
							
							12 авг 2009 11:26
						
								
								
															
							
						"	"
							
							489,43К
						"
528	http://mirea.org/files/file/528	Grey	"
							
							10 окт 2009 13:03
						"	"
							
							220К
						"
530	http://mirea.org/files/file/530	airo	"
							
							29 окт 2009 00:15
						"	"
							
							1,51МБ
						"
539	http://mirea.org/files/file/539	lexik	"
							
							22 ноя 2009 01:29
						"	"
							
							47,03К
						"
542	http://mirea.org/files/file/542	tipoman	"
							
							22 ноя 2009 22:47
						
								
								
															
							
						"	"
							
							1,18МБ
						"
543	http://mirea.org/files/file/543	tipoman	"
							
							23 ноя 2009 00:14
						
								
								
															
							
						"	"
							
							1,54МБ
						"
544	http://mirea.org/files/file/544	tipoman	"
							
							23 ноя 2009 00:22
						
								
								
															
							
						"	"
							
							1,19МБ
						"
545	http://mirea.org/files/file/545	tipoman	"
							
							23 ноя 2009 22:05
						"	"
							
							1,3МБ
						"
546	http://mirea.org/files/file/546	tipoman	"
							
							23 ноя 2009 22:06
						"	"
							
							1,27МБ
						"
547	http://mirea.org/files/file/547	tipoman	"
							
							23 ноя 2009 22:07
						"	"
							
							1,22МБ
						"
548	http://mirea.org/files/file/548	tipoman	"
							
							26 ноя 2009 01:05
						"	"
							
							1,17МБ
						"
549	http://mirea.org/files/file/549	tipoman	"
							
							26 ноя 2009 01:06
						"	"
							
							1,17МБ
						"
550	http://mirea.org/files/file/550	tipoman	"
							
							28 ноя 2009 00:16
						"	"
							
							1,62МБ
						"
551	http://mirea.org/files/file/551	tipoman	"
							
							28 ноя 2009 00:17
						"	"
							
							1,19МБ
						"
552	http://mirea.org/files/file/552	tipoman	"
							
							28 ноя 2009 00:17
						"	"
							
							1,56МБ
						"
555	http://mirea.org/files/file/555	tipoman	"
							
							28 ноя 2009 00:43
						"	"
							
							4,06МБ
						"
556	http://mirea.org/files/file/556	tipoman	"
							
							28 ноя 2009 00:59
						"	"
							
							6,42МБ
						"
559	http://mirea.org/files/file/559	tipoman	"
							
							13 дек 2009 19:29
						
								
								
															
							
						"	"
							
							9,86МБ
						"
560	http://mirea.org/files/file/560	tipoman	"
							
							13 дек 2009 20:10
						"	"
							
							2,3МБ
						"
561	http://mirea.org/files/file/561	MagicMax	"
							
							13 дек 2009 23:34
						"	"
							
							122,96К
						"
564	http://mirea.org/files/file/564	tipoman	"
							
							16 дек 2009 23:25
						"	"
							
							5,84МБ
						"
566	http://mirea.org/files/file/566	tipoman	"
							
							19 дек 2009 11:39
						"	"
							
							7,07МБ
						"
584	http://mirea.org/files/file/584	tipoman	"
							
							04 янв 2010 13:04
						"	"
							
							2,06МБ
						"
607	http://mirea.org/files/file/607	emzar_asten	"
							
							28 фев 2010 10:45
						"	"
							
							2,64МБ
						"
616	http://mirea.org/files/file/616	tipoman	"
							
							29 апр 2010 21:25
						"	"
							
							5,68МБ
						"
618	http://mirea.org/files/file/618	tipoman	"
							
							29 апр 2010 23:02
						"	"
							
							1,71МБ
						"
619	http://mirea.org/files/file/619	tipoman	"
							
							29 апр 2010 23:39
						"	"
							
							6,82МБ
						"
622	http://mirea.org/files/file/622	tipoman	"
							
							29 апр 2010 23:47
						
								
								
															
							
						"	"
							
							6,82МБ
						"
624	http://mirea.org/files/file/624	tipoman	"
							
							29 апр 2010 23:54
						"	"
							
							1,87МБ
						"
625	http://mirea.org/files/file/625	tipoman	"
							
							10 май 2010 21:15
						"	"
							
							3,11МБ
						"
627	http://mirea.org/files/file/627	Mary Antonova	"
							
							02 июл 2010 16:12
						"	"
							
							938К
						"
628	http://mirea.org/files/file/628	tipoman	"
							
							26 сен 2010 16:10
						"	"
							
							8,31МБ
						"
629	http://mirea.org/files/file/629	tipoman	"
							
							26 сен 2010 16:18
						"	"
							
							2,79МБ
						"
631	http://mirea.org/files/file/631	tipoman	"
							
							23 окт 2010 18:19
						"	"
							
							3,85МБ
						"
632	http://mirea.org/files/file/632	tipoman	"
							
							23 окт 2010 20:14
						"	"
							
							3,74МБ
						"
633	http://mirea.org/files/file/633	tipoman	"
							
							31 окт 2010 23:11
						"	"
							
							4,33МБ
						"
634	http://mirea.org/files/file/634	tipoman	"
							
							19 ноя 2010 19:18
						"	"
							
							5,29МБ
						"
635	http://mirea.org/files/file/635	tipoman	"
							
							05 дек 2010 15:43
						"	"
							
							8,16МБ
						"
636	http://mirea.org/files/file/636	tipoman	"
							
							05 дек 2010 16:47
						"	"
							
							126,18К
						"
639	http://mirea.org/files/file/639	ionic	"
							
							27 янв 2011 20:32
						"	"
							
							1,03МБ
						"
651	http://mirea.org/files/file/651	tipoman	"
							
							23 фев 2011 00:18
						"	"
							
							3,81МБ
						"
652	http://mirea.org/files/file/652	tipoman	"
							
							23 фев 2011 00:38
						"	"
							
							2,99МБ
						"
653	http://mirea.org/files/file/653	tipoman	"
							
							26 фев 2011 18:07
						"	"
							
							484,04К
						"
655	http://mirea.org/files/file/655	leexa	"
							
							27 фев 2011 19:59
						"	"
							
							1,42МБ
						"
657	http://mirea.org/files/file/657	tipoman	"
							
							08 апр 2011 20:47
						
								
								
															
							
						"	"
							
							5,33МБ
						"
658	http://mirea.org/files/file/658	tipoman	"
							
							08 апр 2011 22:01
						"	"
							
							1,83МБ
						"
659	http://mirea.org/files/file/659	Non-Sens	"
							
							08 апр 2011 22:54
						
								
								
															
							
						"	"
							
							2,03МБ
						"
660	http://mirea.org/files/file/660	Non-Sens	"
							
							08 апр 2011 23:00
						"	"
							
							95,79К
						"
662	http://mirea.org/files/file/662	Non-Sens	"
							
							08 апр 2011 23:36
						
								
								
															
							
						"	"
							
							2,77МБ
						"
663	http://mirea.org/files/file/663	Non-Sens	"
							
							08 апр 2011 23:40
						
								
								
															
							

								"	"
							
							2,77МБ
						"
664	http://mirea.org/files/file/664	Non-Sens	"
							
							08 апр 2011 23:45
						"	"
							
							2,16МБ
						"
665	http://mirea.org/files/file/665	Non-Sens	"
							
							13 апр 2011 00:01
						"	"
							
							9,19МБ
						"
667	http://mirea.org/files/file/667	Non-Sens	"
							
							13 апр 2011 01:34
						
								
								
															
							

								"	"
							
							22,76МБ
						"
668	http://mirea.org/files/file/668	Non-Sens	"
							
							13 апр 2011 20:06
						"	"
							
							20,49МБ
						"
670	http://mirea.org/files/file/670	Non-Sens	"
							
							13 апр 2011 20:57
						"	"
							
							12,52МБ
						"
671	http://mirea.org/files/file/671	Non-Sens	"
							
							13 апр 2011 21:06
						"	"
							
							5,27МБ
						"
672	http://mirea.org/files/file/672	Non-Sens	"
							
							13 апр 2011 21:45
						"	"
							
							17,86МБ
						"
673	http://mirea.org/files/file/673	Non-Sens	"
							
							13 апр 2011 22:18
						"	"
							
							10,21МБ
						"
674	http://mirea.org/files/file/674	tipoman	"
							
							19 апр 2011 21:16
						"	"
							
							3,25МБ
						"
675	http://mirea.org/files/file/675	Shkoterman	"
							
							24 апр 2011 15:09
						"	"
							
							274,83К
						"
677	http://mirea.org/files/file/677	JMedved	"
							
							28 июн 2011 00:03
						"	"
							
							1,36МБ
						"
678	http://mirea.org/files/file/678	JMedved	"
							
							28 июн 2011 00:42
						"	"
							
							236,5К
						"
683	http://mirea.org/files/file/683	Becks	"
							
							10 дек 2011 00:34
						"	"
							
							5,9МБ
						"
684	http://mirea.org/files/file/684	darrek1	"
							
							03 янв 2012 16:01
						"	"
							
							345К
						"
685	http://mirea.org/files/file/685	darrek1	"
							
							03 янв 2012 16:07
						"	"
							
							1015,9К
						"
686	http://mirea.org/files/file/686	darrek1	"
							
							03 янв 2012 16:17
						"	"
							
							1,72МБ
						"
699	http://mirea.org/files/file/699	MORGAN	"
							
							06 дек 2012 16:03
						"	"
							
							15,11МБ
						"
701	http://mirea.org/files/file/701	Beauvais	"
							
							14 мар 2013 00:34
						"	"
							
							301,21К
						"
702	http://mirea.org/files/file/702	Beauvais	"
							
							14 мар 2013 00:48
						"	"
							
							309,74К
						"
704	http://mirea.org/files/file/704	Anfair	"
							
							17 май 2013 00:55
						"	"
							
							207,41К
						"
706	http://mirea.org/files/file/706	Anfair	"
							
							17 май 2013 17:58
						"	"
							
							127,21К
						"
708	http://mirea.org/files/file/708	Ilikto	"
							
							21 май 2013 10:51
						"	"
							
							6,71МБ
						"
709	http://mirea.org/files/file/709	tipoman	"
							
							09 ноя 2013 21:47
						"	"
							
							144,03К
						"
710	http://mirea.org/files/file/710	valerivaleri	"
							
							30 май 2014 11:47
						"	"
							
							2,19МБ
						"
711	http://mirea.org/files/file/711	valerivaleri	"
							
							30 май 2014 11:49
						
								
								
															
							
						"	"
							
							629,27К
						"
712	http://mirea.org/files/file/712	keydon	"
							
							13 июл 2014 03:27
						"	"
							
							141,84К
						"
713	http://mirea.org/files/file/713	Алексей Алешенька Сынок	"
							
							05 дек 2014 21:23
						"	"
							
							959,5К
						"
714	http://mirea.org/files/file/714	Алексей Алешенька Сынок	"
							
							05 дек 2014 21:26
						"	"
							
							521,54К
						"
716	http://mirea.org/files/file/716	Веник	"
							
							21 янв 2018 14:04
						"	"
							
							175,11К
						"
717	http://mirea.org/files/file/717	kelevra	"
							
							05 ноя 2019 07:58
						"	"
							
							11,4МБ
						"
718	http://mirea.org/files/file/718	kelevra	"
							
							05 ноя 2019 08:00
						"	"
							
							2,74МБ
						"
719	http://mirea.org/files/file/719	kelevra	"
							
							05 ноя 2019 08:12
						"	"
							
							179,46К
						"
720	http://mirea.org/files/file/720	kelevra	"
							
							05 ноя 2019 08:16
						"	"
							
							980,66К
						"
721	http://mirea.org/files/file/721	kelevra	"
							
							05 ноя 2019 08:29
						"	"
							
							2,04МБ
						"
722	http://mirea.org/files/file/722	kelevra	"
							
							05 ноя 2019 08:36
						"	"
							
							39,73К
						"
723	http://mirea.org/files/file/723	kelevra	"
							
							05 ноя 2019 08:44
						"	"
							
							76,88К
						"
724	http://mirea.org/files/file/724	kelevra	"
							
							05 ноя 2019 08:45
						"	"
							
							1,2МБ
						"
725	http://mirea.org/files/file/725	kelevra	"
							
							05 ноя 2019 08:51
						"	"
							
							485,54К
						"
726	http://mirea.org/files/file/726	kelevra	"
							
							05 ноя 2019 08:53
						"	"
							
							32,89К
						"
727	http://mirea.org/files/file/727	kelevra	"
							
							05 ноя 2019 08:56
						"	"
							
							88,59К
						"
728	http://mirea.org/files/file/728	kelevra	"
							
							05 ноя 2019 08:57
						"	"
							
							39,27К
						"
729	http://mirea.org/files/file/729	kelevra	"
							
							05 ноя 2019 09:07
						"	"
							
							2,03МБ
						"
730	http://mirea.org/files/file/730	kelevra	"
							
							05 ноя 2019 09:09
						"	"
							
							2,16МБ
						"
731	http://mirea.org/files/file/731	kelevra	"
							
							05 ноя 2019 09:11
						"	"
							
							203,62К
						"
732	http://mirea.org/files/file/732	kelevra	"
							
							05 ноя 2019 09:20
						"	"
							
							1,21МБ
						"
733	http://mirea.org/files/file/733	kelevra	"
							
							12 янв 2020 01:12
						"	"
							
							75,17К
						"
734	http://mirea.org/files/file/734	kelevra	"
							
							12 янв 2020 01:18
						"	"
							
							2,69МБ
						"
735	http://mirea.org/files/file/735	Just_Like	"
							
							03 окт 2020 14:58
						"	"
							
							4,12К
						"
